AdmNo,Name,ClassCode,ClassName,Active
RVNP/ICT/0101,Achieng Mary Otieno,ICT6A,Diploma in ICT L6 - Sept 2025 A,Yes
RVNP/ICT/0102,Brian Kiprono Rotich,ICT6A,Diploma in ICT L6 - Sept 2025 A,Yes
RVNP/ICT/0103,Cynthia Wanjiru Kamau,ICT6A,Diploma in ICT L6 - Sept 2025 A,Yes
RVNP/ICT/0104,Dennis Mutua Musyoka,ICT6A,Diploma in ICT L6 - Sept 2025 A,Yes
RVNP/ICT/0105,Esther Nyambura Njoroge,ICT6A,Diploma in ICT L6 - Sept 2025 A,Yes
RVNP/ICT/0106,Felix Ouma Odhiambo,ICT6A,Diploma in ICT L6 - Sept 2025 A,Yes
RVNP/ICT/0107,Grace Chebet Langat,ICT6A,Diploma in ICT L6 - Sept 2025 A,Yes
RVNP/ICT/0108,Hassan Abdi Mohamed,ICT6A,Diploma in ICT L6 - Sept 2025 A,Yes
RVNP/ICT/0201,Ian Kipchumba Kirui,ICT5B,Certificate in ICT L5 - Jan 2026 B,Yes
RVNP/ICT/0202,Joy Akinyi Ochieng,ICT5B,Certificate in ICT L5 - Jan 2026 B,Yes
RVNP/ICT/0203,Kevin Mwangi Githinji,ICT5B,Certificate in ICT L5 - Jan 2026 B,Yes
RVNP/ICT/0204,Lucy Wambui Maina,ICT5B,Certificate in ICT L5 - Jan 2026 B,Yes
RVNP/ICT/0205,Moses Kibet Cheruiyot,ICT5B,Certificate in ICT L5 - Jan 2026 B,Yes
